customer_id,last_event_date,no_of_sessions_in_past_30_days,add_to_carts_in_past_30_days,purchases_in_past_30_days
627,"2025-08-31 23:53:26",3,46,0
219,"2025-08-31 23:48:55",4,0,0
968,"2025-08-31 23:33:11",1,41,0
480,"2025-08-31 23:25:42",1,0,0
224,"2025-08-31 23:18:36",5,0,0
351,"2025-08-31 23:07:40",4,0,0
1184,"2025-08-31 22:36:24",5,0,0
1195,"2025-08-31 22:28:47",2,0,0
500,"2025-08-31 22:02:26",4,34,0
1060,"2025-08-31 21:35:05",4,0,46
522,"2025-08-31 21:34:20",4,0,0
318,"2025-08-31 21:02:59",2,0,0
1165,"2025-08-31 20:57:26",4,42,0
888,"2025-08-31 20:47:53",2,0,0
135,"2025-08-31 20:35:04",4,51,0
14,"2025-08-31 20:20:01",1,0,0
831,"2025-08-31 20:15:58",1,0,0
694,"2025-08-31 18:17:02",2,52,0
85,"2025-08-31 17:59:35",3,54,0
374,"2025-08-31 17:42:09",1,34,0
887,"2025-08-31 17:25:13",5,0,44
616,"2025-08-31 17:22:18",3,0,0
834,"2025-08-31 16:56:14",3,0,0
412,"2025-08-31 16:41:18",2,0,0
592,"2025-08-31 16:27:29",3,0,0
20,"2025-08-31 16:12:57",4,0,45
242,"2025-08-31 16:05:33",2,38,0
966,"2025-08-31 16:02:25",2,0,0
1125,"2025-08-31 15:56:39",3,43,0
803,"2025-08-31 15:49:37",3,0,0
1075,"2025-08-31 15:26:57",4,34,0
50,"2025-08-31 15:25:35",4,0,0
808,"2025-08-31 14:48:58",2,0,39
474,"2025-08-31 14:48:25",1,0,0
411,"2025-08-31 14:33:56",2,40,0
545,"2025-08-31 14:23:10",1,0,0
648,"2025-08-31 14:20:46",4,54,0
907,"2025-08-31 13:57:41",1,0,0
290,"2025-08-31 13:57:38",3,0,44
1135,"2025-08-31 13:19:01",4,37,0
1164,"2025-08-31 13:17:20",4,0,0
169,"2025-08-31 13:14:15",2,33,0
292,"2025-08-31 13:02:42",2,0,0
406,"2025-08-31 12:58:36",4,0,0
445,"2025-08-31 12:48:40",1,0,0
988,"2025-08-31 12:23:34",3,0,0
1150,"2025-08-31 11:49:59",2,0,42
95,"2025-08-31 11:26:03",1,55,0
1029,"2025-08-31 11:12:11",1,0,0
578,"2025-08-31 10:57:33",4,0,0
248,"2025-08-31 10:49:55",3,0,0
1085,"2025-08-31 09:46:33",4,0,0
488,"2025-08-31 09:35:19",3,0,0
976,"2025-08-31 09:20:38",4,0,0
455,"2025-08-31 09:10:19",4,0,0
766,"2025-08-31 08:45:49",2,0,0
1059,"2025-08-31 08:06:16",3,74,0
364,"2025-08-31 07:48:56",3,0,0
1117,"2025-08-31 06:52:37",3,0,0
1066,"2025-08-31 06:19:25",5,40,0
408,"2025-08-31 06:09:34",3,0,0
1120,"2025-08-31 06:08:15",2,0,0
425,"2025-08-31 05:45:58",2,0,0
761,"2025-08-31 05:12:04",3,37,0
239,"2025-08-31 05:07:39",1,0,0
602,"2025-08-31 05:06:35",3,37,0
1111,"2025-08-31 04:29:43",1,0,0
562,"2025-08-31 04:28:23",2,39,0
822,"2025-08-31 03:36:04",4,47,0
449,"2025-08-31 03:19:40",2,36,0
359,"2025-08-31 02:49:49",1,0,0
638,"2025-08-31 02:43:08",4,0,45
728,"2025-08-31 02:15:16",2,0,0
797,"2025-08-31 02:12:08",3,37,0
93,"2025-08-31 01:29:16",2,0,0
1156,"2025-08-31 00:57:05",4,90,0
386,"2025-08-31 00:29:46",3,0,0
906,"2025-08-31 00:18:47",3,0,0
1030,"2025-08-30 23:38:23",3,0,0
241,"2025-08-30 23:36:36",1,0,0
833,"2025-08-30 23:33:07",4,0,58
478,"2025-08-30 23:26:06",4,0,0
1181,"2025-08-30 22:54:23",4,0,0
1149,"2025-08-30 22:51:11",1,0,0
1191,"2025-08-30 22:23:38",3,0,0
574,"2025-08-30 22:10:18",3,76,0
77,"2025-08-30 21:55:33",2,42,0
635,"2025-08-30 21:02:41",9,104,0
732,"2025-08-30 20:43:54",3,40,0
644,"2025-08-30 20:42:03",3,0,0
982,"2025-08-30 20:32:41",2,0,0
1040,"2025-08-30 19:55:25",4,0,0
1069,"2025-08-30 19:39:16",5,43,0
416,"2025-08-30 19:17:02",3,0,0
735,"2025-08-30 18:07:45",1,0,0
889,"2025-08-30 18:00:44",2,0,0
789,"2025-08-30 17:57:53",4,38,0
932,"2025-08-30 17:12:04",3,0,0
1027,"2025-08-30 17:01:42",2,0,0
625,"2025-08-30 16:14:35",5,45,0
1141,"2025-08-30 15:30:28",2,0,0
1088,"2025-08-30 15:29:39",2,0,39
213,"2025-08-30 15:10:35",3,0,27
1020,"2025-08-30 15:01:20",3,0,0
568,"2025-08-30 14:53:16",2,26,0
840,"2025-08-30 14:44:22",4,44,0
207,"2025-08-30 14:42:02",1,0,0
182,"2025-08-30 12:33:26",3,41,0
447,"2025-08-30 12:21:11",4,39,0
626,"2025-08-30 12:14:59",4,76,0
217,"2025-08-30 12:11:55",3,32,0
244,"2025-08-30 11:33:06",2,0,0
303,"2025-08-30 11:26:13",2,0,0
969,"2025-08-30 11:21:47",3,48,0
457,"2025-08-30 10:58:02",1,0,0
727,"2025-08-30 10:57:39",5,0,0
123,"2025-08-30 09:17:55",6,0,0
1067,"2025-08-30 08:45:12",3,0,0
200,"2025-08-30 08:38:09",2,0,0
1038,"2025-08-30 08:05:17",3,111,0
341,"2025-08-30 07:37:38",2,0,40
981,"2025-08-30 07:31:25",2,42,42
30,"2025-08-30 07:12:01",3,0,0
225,"2025-08-30 06:31:49",2,46,0
507,"2025-08-30 05:56:44",3,0,0
90,"2025-08-30 04:59:48",2,42,0
548,"2025-08-30 04:34:59",4,43,0
502,"2025-08-30 04:17:47",3,0,0
276,"2025-08-30 04:08:56",3,0,0
785,"2025-08-30 03:56:20",2,0,0
509,"2025-08-30 03:44:07",3,0,39
1090,"2025-08-30 03:22:26",2,39,0
492,"2025-08-30 03:13:13",1,0,0
677,"2025-08-30 03:12:56",4,0,55
1103,"2025-08-30 02:51:07",5,0,0
84,"2025-08-30 02:38:22",3,0,0
458,"2025-08-30 02:31:39",3,42,0
31,"2025-08-30 02:28:11",5,0,0
116,"2025-08-30 02:18:35",1,0,0
710,"2025-08-30 02:18:33",2,0,36
704,"2025-08-30 02:12:06",4,0,0
666,"2025-08-30 01:54:56",4,88,0
863,"2025-08-30 01:54:17",3,0,55
283,"2025-08-30 01:50:29",2,0,0
418,"2025-08-30 01:28:57",2,0,0
58,"2025-08-30 01:22:59",1,0,0
681,"2025-08-30 00:26:13",1,0,0
1130,"2025-08-30 00:07:02",4,0,0
157,"2025-08-29 23:56:01",5,0,41
926,"2025-08-29 23:50:38",5,0,0
461,"2025-08-29 23:35:05",3,0,0
714,"2025-08-29 23:20:13",2,0,0
372,"2025-08-29 23:16:31",2,0,0
724,"2025-08-29 23:13:34",4,46,46
865,"2025-08-29 23:07:35",1,0,0
396,"2025-08-29 22:57:19",1,0,0
540,"2025-08-29 22:49:09",3,0,0
271,"2025-08-29 22:03:08",3,0,0
1015,"2025-08-29 22:02:40",5,0,0
245,"2025-08-29 21:49:06",2,0,0
1166,"2025-08-29 21:38:01",3,0,0
1070,"2025-08-29 21:15:57",1,0,0
1049,"2025-08-29 21:10:31",2,0,0
787,"2025-08-29 20:58:28",2,0,0
27,"2025-08-29 20:35:33",4,0,0
673,"2025-08-29 20:35:32",2,0,0
949,"2025-08-29 19:54:00",2,0,0
397,"2025-08-29 19:52:45",2,37,0
203,"2025-08-29 19:51:19",1,0,0
1016,"2025-08-29 19:41:34",2,0,0
998,"2025-08-29 19:17:33",1,0,0
1028,"2025-08-29 19:06:36",3,0,0
954,"2025-08-29 18:51:18",3,47,47
935,"2025-08-29 18:28:51",4,35,0
342,"2025-08-29 17:39:18",2,0,0
974,"2025-08-29 17:23:30",4,45,45
209,"2025-08-29 16:48:54",1,0,0
870,"2025-08-29 16:37:14",6,112,0
791,"2025-08-29 16:34:18",5,106,0
379,"2025-08-29 16:15:11",5,0,41
1014,"2025-08-29 16:08:12",1,0,0
867,"2025-08-29 15:54:09",2,0,0
312,"2025-08-29 15:40:20",3,0,0
1057,"2025-08-29 15:40:06",3,0,0
885,"2025-08-29 15:24:51",1,0,0
326,"2025-08-29 14:44:29",3,0,36
558,"2025-08-29 13:40:38",3,0,0
533,"2025-08-29 13:20:53",3,0,0
343,"2025-08-29 13:19:10",2,0,0
335,"2025-08-29 12:44:39",3,0,0
493,"2025-08-29 12:43:29",5,0,104
986,"2025-08-29 12:20:47",4,45,0
115,"2025-08-29 11:15:46",1,0,0
162,"2025-08-29 11:13:17",3,0,0
365,"2025-08-29 10:28:08",1,0,0
918,"2025-08-29 10:23:23",2,35,0
23,"2025-08-29 10:16:47",3,38,0
173,"2025-08-29 09:42:24",2,76,0
329,"2025-08-29 08:51:01",2,0,0
580,"2025-08-29 07:47:20",3,0,0
1004,"2025-08-29 06:27:09",4,40,40
975,"2025-08-29 05:55:45",4,31,0
252,"2025-08-29 05:45:24",2,0,0
1032,"2025-08-29 05:34:41",4,44,0
392,"2025-08-29 05:28:05",3,0,0
695,"2025-08-29 05:04:01",2,0,0
249,"2025-08-29 04:17:12",1,0,0
141,"2025-08-29 04:00:06",2,0,0
236,"2025-08-29 03:56:14",1,42,0
146,"2025-08-29 03:31:24",3,0,0
293,"2025-08-29 03:29:19",2,0,0
973,"2025-08-29 03:07:36",2,0,0
570,"2025-08-29 03:04:11",2,0,0
131,"2025-08-29 01:40:05",1,24,0
925,"2025-08-29 01:35:36",1,0,0
227,"2025-08-29 01:27:54",5,32,0
1047,"2025-08-29 01:20:19",1,0,0
647,"2025-08-29 00:33:10",2,0,0
345,"2025-08-28 23:58:56",3,33,0
202,"2025-08-28 22:58:02",3,42,42
279,"2025-08-28 22:03:05",2,41,0
1072,"2025-08-28 20:54:04",3,0,0
459,"2025-08-28 20:19:31",4,34,0
36,"2025-08-28 20:14:07",1,42,0
19,"2025-08-28 19:57:01",5,0,0
515,"2025-08-28 19:51:23",2,0,0
547,"2025-08-28 19:33:00",3,0,0
107,"2025-08-28 19:23:07",1,0,51
44,"2025-08-28 19:12:16",1,0,0
286,"2025-08-28 19:05:39",4,0,0
402,"2025-08-28 18:37:48",3,32,0
712,"2025-08-28 18:02:50",1,0,0
1097,"2025-08-28 18:00:57",4,0,0
799,"2025-08-28 17:43:56",4,35,0
817,"2025-08-28 17:41:22",1,0,0
120,"2025-08-28 17:28:32",1,0,0
613,"2025-08-28 17:11:31",3,159,0
401,"2025-08-28 17:08:36",4,0,0
984,"2025-08-28 16:18:36",3,98,0
482,"2025-08-28 16:14:53",4,45,0
923,"2025-08-28 16:14:35",3,46,0
618,"2025-08-28 16:06:06",2,41,0
1061,"2025-08-28 14:16:25",3,0,0
317,"2025-08-28 13:19:10",3,0,0
588,"2025-08-28 13:12:26",3,0,90
179,"2025-08-28 12:55:32",2,0,0
893,"2025-08-28 12:53:13",2,34,0
1188,"2025-08-28 12:13:21",2,0,0
1068,"2025-08-28 11:46:59",2,0,0
257,"2025-08-28 11:46:35",3,38,0
1112,"2025-08-28 11:31:13",3,0,0
999,"2025-08-28 11:28:53",4,116,58
688,"2025-08-28 11:04:23",4,0,0
53,"2025-08-28 10:45:09",3,0,0
218,"2025-08-28 09:46:23",1,0,0
622,"2025-08-28 09:15:44",3,0,0
231,"2025-08-28 09:03:44",3,0,0
664,"2025-08-28 08:52:46",2,0,0
321,"2025-08-28 08:40:07",3,0,41
229,"2025-08-28 08:25:40",4,0,0
1193,"2025-08-28 07:42:15",3,0,0
159,"2025-08-28 07:32:29",1,0,0
86,"2025-08-28 07:19:56",2,0,0
740,"2025-08-28 07:06:42",4,46,0
1152,"2025-08-28 06:15:08",3,0,0
65,"2025-08-28 05:51:49",2,0,0
524,"2025-08-28 05:43:30",2,0,0
1081,"2025-08-28 05:40:52",4,0,0
920,"2025-08-28 05:02:15",1,45,0
479,"2025-08-28 04:49:50",4,88,0
1183,"2025-08-28 03:43:31",1,39,0
1010,"2025-08-28 03:30:14",1,0,0
337,"2025-08-28 03:00:05",5,78,0
165,"2025-08-28 02:43:58",2,0,0
74,"2025-08-28 02:34:27",1,0,0
454,"2025-08-28 02:20:16",5,0,0
1001,"2025-08-28 02:16:34",4,0,0
489,"2025-08-28 01:57:36",2,37,0
715,"2025-08-28 01:30:20",1,0,0
1055,"2025-08-28 01:20:28",3,0,0
553,"2025-08-28 00:43:28",2,0,0
176,"2025-08-28 00:18:40",2,39,0
285,"2025-08-28 00:17:17",2,35,0
606,"2025-08-28 00:09:12",3,0,0
1186,"2025-08-27 23:49:54",1,0,0
836,"2025-08-27 23:37:14",1,0,0
796,"2025-08-27 23:23:59",4,43,0
1113,"2025-08-27 23:07:06",1,0,0
905,"2025-08-27 22:51:03",5,0,0
1162,"2025-08-27 22:45:58",3,0,0
339,"2025-08-27 22:44:19",1,43,0
1118,"2025-08-27 22:41:48",2,0,0
1104,"2025-08-27 22:34:30",3,40,0
659,"2025-08-27 22:17:56",2,32,0
118,"2025-08-27 21:56:46",2,50,0
839,"2025-08-27 21:03:08",2,0,0
611,"2025-08-27 20:26:59",2,0,0
944,"2025-08-27 20:07:22",2,0,0
222,"2025-08-27 19:50:46",1,50,0
281,"2025-08-27 19:17:42",4,0,0
467,"2025-08-27 18:39:09",2,0,0
247,"2025-08-27 18:38:59",1,0,0
366,"2025-08-27 18:31:44",5,114,0
232,"2025-08-27 17:48:14",2,45,0
145,"2025-08-27 16:54:50",4,0,0
829,"2025-08-27 16:20:27",4,0,44
306,"2025-08-27 16:17:42",1,36,0
186,"2025-08-27 16:00:12",4,43,0
438,"2025-08-27 15:53:41",1,0,0
1175,"2025-08-27 15:37:26",4,0,0
912,"2025-08-27 15:31:37",2,37,0
98,"2025-08-27 15:06:27",2,0,0
310,"2025-08-27 14:55:46",2,39,0
382,"2025-08-27 14:36:16",3,72,0
756,"2025-08-27 14:32:34",6,0,0
792,"2025-08-27 14:12:06",3,35,0
531,"2025-08-27 14:10:03",1,0,0
520,"2025-08-27 14:03:35",1,43,0
814,"2025-08-27 13:54:59",2,0,0
178,"2025-08-27 13:54:36",2,0,0
910,"2025-08-27 13:51:56",3,0,36
1024,"2025-08-27 13:35:48",4,84,0
349,"2025-08-27 13:26:57",3,0,0
854,"2025-08-27 13:26:18",3,0,0
370,"2025-08-27 13:22:22",1,0,0
703,"2025-08-27 13:04:50",2,0,41
603,"2025-08-27 12:53:24",4,82,0
997,"2025-08-27 12:39:02",4,0,0
1056,"2025-08-27 12:05:04",4,0,0
18,"2025-08-27 11:49:50",4,0,0
880,"2025-08-27 11:49:20",2,0,0
147,"2025-08-27 11:45:22",5,0,0
1077,"2025-08-27 11:27:28",2,0,0
1079,"2025-08-27 10:46:18",1,0,0
908,"2025-08-27 10:45:58",3,0,0
394,"2025-08-27 10:43:57",4,56,0
1180,"2025-08-27 10:25:11",4,0,0
599,"2025-08-27 10:19:20",2,66,0
1018,"2025-08-27 10:05:17",5,0,0
136,"2025-08-27 09:43:21",1,41,0
621,"2025-08-27 09:41:41",2,29,0
1159,"2025-08-27 09:00:13",4,0,0
739,"2025-08-27 08:47:18",1,0,0
255,"2025-08-27 08:15:04",1,0,0
495,"2025-08-27 08:06:15",4,0,43
1134,"2025-08-27 07:55:52",5,48,48
557,"2025-08-27 06:02:55",3,0,34
463,"2025-08-27 05:04:19",3,0,0
993,"2025-08-27 04:39:41",2,0,0
549,"2025-08-27 04:14:38",4,0,0
389,"2025-08-27 03:18:11",1,0,0
1128,"2025-08-27 03:13:02",2,0,0
591,"2025-08-27 02:51:32",2,90,0
193,"2025-08-27 02:22:26",2,0,0
309,"2025-08-27 02:22:19",1,0,0
832,"2025-08-27 02:18:59",3,0,0
820,"2025-08-27 01:46:07",2,43,0
7,"2025-08-27 01:24:45",2,46,0
195,"2025-08-27 01:17:10",3,0,0
1136,"2025-08-27 01:02:00",2,0,0
521,"2025-08-27 00:53:25",2,0,0
1138,"2025-08-27 00:42:39",2,40,0
32,"2025-08-27 00:33:49",2,0,0
1161,"2025-08-26 23:07:35",4,0,0
639,"2025-08-26 22:45:44",3,38,0
448,"2025-08-26 22:35:01",3,0,0
460,"2025-08-26 22:34:17",5,0,38
586,"2025-08-26 21:53:52",2,31,0
1058,"2025-08-26 21:34:35",3,35,0
922,"2025-08-26 20:55:51",2,0,0
651,"2025-08-26 20:54:10",3,0,0
172,"2025-08-26 19:56:07",3,40,0
706,"2025-08-26 19:42:06",3,0,0
273,"2025-08-26 19:19:44",1,37,0
554,"2025-08-26 19:07:49",4,0,40
672,"2025-08-26 18:46:14",6,0,0
1019,"2025-08-26 18:25:14",2,41,0
862,"2025-08-26 18:23:28",4,34,0
464,"2025-08-26 17:48:38",3,0,0
1169,"2025-08-26 17:05:48",5,0,45
523,"2025-08-26 16:45:05",2,0,0
1199,"2025-08-26 16:38:54",3,49,0
806,"2025-08-26 16:12:38",3,0,0
601,"2025-08-26 16:11:15",3,0,0
148,"2025-08-26 15:36:46",1,0,0
1102,"2025-08-26 15:12:48",3,0,0
828,"2025-08-26 15:01:28",1,0,0
1023,"2025-08-26 14:19:38",1,41,0
181,"2025-08-26 13:25:38",4,76,0
432,"2025-08-26 12:35:28",5,40,0
42,"2025-08-26 12:30:28",2,0,0
1012,"2025-08-26 12:29:36",2,0,0
699,"2025-08-26 12:18:58",1,37,0
1142,"2025-08-26 11:56:57",6,0,0
405,"2025-08-26 11:52:58",1,0,0
951,"2025-08-26 11:18:38",2,0,0
581,"2025-08-26 11:02:00",2,0,0
144,"2025-08-26 10:55:06",5,48,48
530,"2025-08-26 09:45:34",4,100,0
585,"2025-08-26 08:10:41",4,52,52
334,"2025-08-26 08:08:25",4,0,48
25,"2025-08-26 07:51:34",3,0,0
913,"2025-08-26 07:24:38",1,0,0
551,"2025-08-26 06:58:22",2,0,0
914,"2025-08-26 06:39:28",1,34,0
705,"2025-08-26 05:49:05",1,0,0
391,"2025-08-26 05:25:20",2,0,0
491,"2025-08-26 04:49:54",4,40,0
994,"2025-08-26 03:48:10",2,0,0
1071,"2025-08-26 03:47:15",2,0,0
163,"2025-08-26 02:54:26",2,0,0
221,"2025-08-26 02:38:44",2,0,0
1129,"2025-08-26 02:24:31",2,0,0
485,"2025-08-26 01:47:52",2,0,0
608,"2025-08-26 00:14:29",1,53,0
641,"2025-08-26 00:08:32",3,46,0
665,"2025-08-26 00:05:43",4,80,0
847,"2025-08-25 23:16:25",3,0,41
895,"2025-08-25 23:08:55",4,32,0
1133,"2025-08-25 23:03:52",6,45,0
542,"2025-08-25 22:26:07",1,0,0
719,"2025-08-25 21:56:26",1,0,0
783,"2025-08-25 20:24:32",1,0,0
87,"2025-08-25 19:56:07",2,0,41
593,"2025-08-25 19:11:06",5,51,0
1121,"2025-08-25 16:45:17",2,0,0
63,"2025-08-25 15:54:18",2,37,0
300,"2025-08-25 15:50:12",1,0,0
869,"2025-08-25 15:42:36",2,0,0
813,"2025-08-25 15:40:00",4,0,0
126,"2025-08-25 15:01:12",5,45,0
1011,"2025-08-25 14:53:18",3,68,0
1025,"2025-08-25 14:41:29",3,48,0
1198,"2025-08-25 13:28:11",2,0,0
662,"2025-08-25 12:28:09",1,0,0
852,"2025-08-25 12:22:34",5,64,0
692,"2025-08-25 12:16:52",2,0,0
1093,"2025-08-25 10:55:54",6,0,0
387,"2025-08-25 10:33:22",2,0,0
419,"2025-08-25 09:55:48",1,0,0
143,"2025-08-25 09:52:39",2,0,0
170,"2025-08-25 09:41:47",2,37,0
134,"2025-08-25 09:40:08",2,43,0
1050,"2025-08-25 09:33:23",2,30,0
685,"2025-08-25 08:45:13",4,48,0
773,"2025-08-25 08:43:56",2,44,0
274,"2025-08-25 08:21:19",1,0,37
1037,"2025-08-25 06:42:45",5,0,46
525,"2025-08-25 05:51:56",1,0,0
577,"2025-08-25 05:47:32",1,0,0
5,"2025-08-25 05:47:11",3,0,0
330,"2025-08-25 05:47:09",5,0,43
13,"2025-08-25 05:34:31",2,0,0
762,"2025-08-25 04:17:23",1,0,0
43,"2025-08-25 04:17:10",2,0,0
61,"2025-08-25 03:54:23",2,0,0
612,"2025-08-25 03:23:57",3,0,0
64,"2025-08-25 03:13:44",2,0,0
567,"2025-08-25 00:21:50",3,40,40
884,"2025-08-24 23:52:32",2,0,0
210,"2025-08-24 23:42:10",2,37,0
1013,"2025-08-24 23:07:35",4,98,0
91,"2025-08-24 22:27:22",2,39,0
835,"2025-08-24 22:13:26",2,0,0
726,"2025-08-24 22:08:06",1,0,0
671,"2025-08-24 21:56:50",1,0,0
784,"2025-08-24 20:58:48",1,0,0
287,"2025-08-24 20:20:53",4,92,0
46,"2025-08-24 19:47:09",1,0,0
619,"2025-08-24 19:08:03",3,0,0
2,"2025-08-24 18:32:17",6,102,0
261,"2025-08-24 18:08:16",3,0,0
804,"2025-08-24 17:48:29",1,0,40
755,"2025-08-24 17:43:08",5,100,0
399,"2025-08-24 17:09:48",1,36,0
682,"2025-08-24 16:09:09",2,0,0
180,"2025-08-24 15:57:11",2,0,0
903,"2025-08-24 13:49:00",2,0,37
22,"2025-08-24 13:35:25",2,0,0
711,"2025-08-24 13:03:05",4,0,0
777,"2025-08-24 12:34:30",4,0,0
609,"2025-08-24 12:33:16",1,0,0
238,"2025-08-24 11:39:56",3,0,0
587,"2025-08-24 11:29:23",2,33,0
66,"2025-08-24 11:28:42",2,0,0
513,"2025-08-24 11:03:40",3,41,0
417,"2025-08-24 10:09:00",2,0,0
1115,"2025-08-24 09:21:28",4,0,0
92,"2025-08-24 08:50:52",1,0,0
668,"2025-08-24 08:39:57",3,36,0
35,"2025-08-24 08:29:36",4,52,0
1151,"2025-08-24 07:47:10",2,44,0
894,"2025-08-24 07:28:23",3,40,0
930,"2025-08-24 07:12:30",1,52,0
859,"2025-08-24 06:36:45",2,0,0
1078,"2025-08-24 06:16:22",6,46,46
1035,"2025-08-24 05:35:12",2,0,51
623,"2025-08-24 05:34:45",4,0,0
55,"2025-08-24 05:17:11",1,0,0
573,"2025-08-24 04:37:42",2,0,0
407,"2025-08-24 03:58:45",2,34,0
753,"2025-08-24 03:30:44",2,0,0
108,"2025-08-24 03:30:12",1,0,0
1005,"2025-08-24 03:15:33",1,0,0
875,"2025-08-24 02:22:07",5,38,0
871,"2025-08-24 01:49:59",2,0,0
1189,"2025-08-24 00:54:32",2,0,0
442,"2025-08-24 00:40:21",2,26,26
538,"2025-08-24 00:22:38",3,44,0
415,"2025-08-24 00:07:26",2,0,45
313,"2025-08-23 23:40:21",1,0,45
505,"2025-08-23 23:18:39",3,0,30
512,"2025-08-23 23:10:17",3,43,0
667,"2025-08-23 21:30:07",1,0,0
947,"2025-08-23 21:26:03",3,39,0
943,"2025-08-23 21:22:52",3,0,0
198,"2025-08-23 21:16:43",2,0,0
377,"2025-08-23 20:30:18",2,0,50
1036,"2025-08-23 20:11:43",3,0,0
380,"2025-08-23 20:04:17",2,36,0
109,"2025-08-23 19:27:23",2,43,0
805,"2025-08-23 19:23:16",2,32,0
1178,"2025-08-23 18:51:40",1,0,0
709,"2025-08-23 17:29:01",4,0,33
830,"2025-08-23 17:17:17",1,0,0
768,"2025-08-23 16:54:45",3,51,0
811,"2025-08-23 15:26:15",1,0,41
381,"2025-08-23 14:04:06",1,48,0
629,"2025-08-23 14:02:15",2,0,0
353,"2025-08-23 13:26:16",3,0,0
295,"2025-08-23 13:16:46",2,0,37
837,"2025-08-23 12:37:41",3,0,0
1008,"2025-08-23 12:08:42",3,0,0
632,"2025-08-23 12:05:06",2,0,0
746,"2025-08-23 11:46:43",1,0,0
1176,"2025-08-23 10:00:38",3,0,33
771,"2025-08-23 09:48:34",3,141,0
362,"2025-08-23 09:46:19",2,0,0
630,"2025-08-23 09:43:04",1,0,0
226,"2025-08-23 09:27:48",4,0,0
965,"2025-08-23 09:09:06",1,0,0
633,"2025-08-23 08:10:53",2,0,0
333,"2025-08-23 07:57:19",1,0,0
584,"2025-08-23 07:27:40",1,0,0
264,"2025-08-23 07:02:42",2,0,0
879,"2025-08-23 05:21:04",1,0,0
941,"2025-08-23 04:48:17",3,0,0
174,"2025-08-23 03:58:01",3,0,0
323,"2025-08-23 03:31:16",4,0,46
191,"2025-08-23 02:44:13",1,0,0
1084,"2025-08-23 02:12:02",1,0,36
8,"2025-08-23 02:03:19",1,46,0
79,"2025-08-23 01:39:26",2,0,0
160,"2025-08-23 01:38:09",2,0,0
355,"2025-08-22 23:25:39",2,0,36
101,"2025-08-22 22:21:51",3,0,0
192,"2025-08-22 21:57:02",4,0,35
678,"2025-08-22 21:16:04",2,0,0
818,"2025-08-22 20:53:21",2,0,0
595,"2025-08-22 20:39:09",1,0,0
139,"2025-08-22 20:24:36",2,50,0
414,"2025-08-22 20:07:55",2,0,0
320,"2025-08-22 20:01:37",2,0,0
1179,"2025-08-22 20:01:03",2,0,0
977,"2025-08-22 19:32:30",3,92,0
1026,"2025-08-22 19:06:23",2,0,0
140,"2025-08-22 18:11:57",5,48,0
842,"2025-08-22 17:46:11",2,0,0
130,"2025-08-22 16:37:08",3,44,0
234,"2025-08-22 15:55:34",4,0,0
652,"2025-08-22 15:35:58",5,0,0
763,"2025-08-22 14:09:17",2,0,0
769,"2025-08-22 14:05:41",3,0,0
590,"2025-08-22 14:03:38",5,42,0
801,"2025-08-22 12:13:54",3,49,0
543,"2025-08-22 10:51:04",1,0,0
541,"2025-08-22 10:46:28",2,0,0
199,"2025-08-22 10:02:33",2,0,0
725,"2025-08-22 09:29:51",1,33,0
674,"2025-08-22 09:17:35",2,0,0
190,"2025-08-22 09:17:09",2,32,0
477,"2025-08-22 09:09:37",3,0,0
810,"2025-08-22 08:19:44",4,0,0
506,"2025-08-22 07:53:27",1,0,49
900,"2025-08-22 07:10:00",1,0,0
650,"2025-08-22 07:03:49",1,0,0
749,"2025-08-22 06:52:24",2,36,0
316,"2025-08-22 06:26:46",2,47,0
1089,"2025-08-22 04:53:13",2,32,0
1187,"2025-08-22 04:00:02",2,0,0
508,"2025-08-22 03:09:07",3,0,0
440,"2025-08-22 02:56:41",2,0,0
564,"2025-08-22 02:19:08",3,41,0
824,"2025-08-22 01:46:09",2,0,0
272,"2025-08-22 01:24:28",3,47,0
713,"2025-08-22 01:09:24",1,0,0
251,"2025-08-22 01:05:14",2,0,0
270,"2025-08-21 23:49:37",3,0,0
314,"2025-08-21 20:16:08",4,0,0
1123,"2025-08-21 19:55:16",3,0,0
1,"2025-08-21 19:47:55",1,0,0
1174,"2025-08-21 19:17:41",2,0,0
1131,"2025-08-21 18:56:50",6,110,55
563,"2025-08-21 17:23:21",4,0,0
1196,"2025-08-21 17:12:47",5,0,0
201,"2025-08-21 17:06:10",1,0,0
615,"2025-08-21 16:54:41",2,0,0
360,"2025-08-21 16:43:57",2,0,38
793,"2025-08-21 16:05:41",4,0,0
743,"2025-08-21 15:49:04",2,0,0
717,"2025-08-21 15:42:12",2,0,0
576,"2025-08-21 14:41:58",4,0,0
1073,"2025-08-21 14:26:20",2,41,0
1074,"2025-08-21 13:40:33",3,44,0
979,"2025-08-21 12:40:36",2,35,0
1096,"2025-08-21 12:39:52",4,0,0
426,"2025-08-21 12:26:24",2,44,0
686,"2025-08-21 11:58:58",1,0,0
40,"2025-08-21 11:52:47",2,55,0
67,"2025-08-21 11:44:57",1,0,0
393,"2025-08-21 11:26:47",4,78,0
375,"2025-08-21 10:18:03",1,0,0
891,"2025-08-21 09:45:02",1,0,0
151,"2025-08-21 09:38:31",1,0,0
684,"2025-08-21 09:38:27",1,0,0
1158,"2025-08-21 09:27:02",1,0,0
605,"2025-08-21 09:24:59",1,0,0
59,"2025-08-21 08:41:11",1,0,0
166,"2025-08-21 08:14:53",1,0,0
168,"2025-08-21 07:38:48",3,0,0
697,"2025-08-21 07:27:40",1,47,0
529,"2025-08-21 06:38:30",2,0,41
424,"2025-08-21 06:32:22",1,0,29
441,"2025-08-21 05:56:40",3,0,0
937,"2025-08-21 04:41:03",2,0,0
356,"2025-08-21 04:03:11",2,0,0
233,"2025-08-21 03:43:13",2,0,0
1003,"2025-08-21 00:51:48",2,41,0
1124,"2025-08-21 00:05:43",3,0,0
911,"2025-08-20 23:38:50",3,82,0
851,"2025-08-20 23:03:25",1,0,0
872,"2025-08-20 22:32:27",2,0,0
1185,"2025-08-20 22:12:03",1,0,0
881,"2025-08-20 21:14:35",1,0,0
427,"2025-08-20 20:10:16",2,0,31
1160,"2025-08-20 18:59:08",4,0,0
809,"2025-08-20 18:43:52",3,0,0
6,"2025-08-20 18:24:19",4,0,0
1087,"2025-08-20 17:02:10",2,0,0
390,"2025-08-20 15:45:29",2,0,47
75,"2025-08-20 15:16:27",3,0,0
716,"2025-08-20 14:46:42",2,0,0
990,"2025-08-20 14:02:37",2,31,0
301,"2025-08-20 13:47:57",3,0,0
357,"2025-08-20 13:19:21",1,0,0
348,"2025-08-20 12:00:11",2,0,0
701,"2025-08-20 10:51:31",1,0,0
1145,"2025-08-20 10:35:13",3,41,41
327,"2025-08-20 08:50:22",1,0,0
1170,"2025-08-20 08:13:22",2,0,0
653,"2025-08-20 07:22:46",2,0,0
1144,"2025-08-20 06:56:53",1,33,0
128,"2025-08-20 06:23:31",2,43,43
338,"2025-08-20 06:03:57",1,0,0
450,"2025-08-20 05:38:37",2,34,0
1017,"2025-08-20 01:38:59",2,0,0
985,"2025-08-20 01:10:41",2,0,0
876,"2025-08-19 23:46:21",1,49,0
436,"2025-08-19 23:07:56",3,44,44
451,"2025-08-19 22:59:21",2,0,0
220,"2025-08-19 22:03:16",3,49,0
21,"2025-08-19 21:59:22",1,0,0
1168,"2025-08-19 19:45:23",3,0,0
297,"2025-08-19 19:36:39",2,44,0
149,"2025-08-19 18:33:50",4,49,0
661,"2025-08-19 17:48:24",2,0,52
376,"2025-08-19 17:08:23",3,0,37
204,"2025-08-19 17:01:00",2,0,0
1147,"2025-08-19 16:29:32",2,0,0
80,"2025-08-19 16:10:52",2,36,0
462,"2025-08-19 16:05:42",2,0,0
583,"2025-08-19 15:22:25",1,0,0
52,"2025-08-19 13:00:13",3,0,38
83,"2025-08-19 12:43:14",3,0,0
413,"2025-08-19 11:59:55",2,0,0
767,"2025-08-19 11:51:38",1,0,0
1009,"2025-08-19 10:18:16",1,0,0
788,"2025-08-19 09:53:16",1,0,0
948,"2025-08-19 06:27:57",2,0,0
901,"2025-08-19 06:26:07",1,0,0
550,"2025-08-19 03:58:45",2,0,0
561,"2025-08-19 03:52:40",2,0,0
24,"2025-08-19 03:14:37",6,36,0
790,"2025-08-19 02:40:13",3,0,72
597,"2025-08-19 01:40:11",1,0,0
516,"2025-08-19 00:02:16",3,54,0
738,"2025-08-18 23:07:07",1,0,0
856,"2025-08-18 22:12:12",4,29,0
779,"2025-08-18 21:26:07",1,0,0
511,"2025-08-18 20:44:47",1,0,0
983,"2025-08-18 20:38:12",1,34,0
435,"2025-08-18 19:59:14",2,0,35
645,"2025-08-18 19:51:04",1,0,0
214,"2025-08-18 18:38:03",2,34,0
344,"2025-08-18 18:09:56",1,43,0
864,"2025-08-18 16:57:20",2,0,0
656,"2025-08-18 16:55:18",3,0,0
733,"2025-08-18 15:29:02",2,47,0
807,"2025-08-18 14:02:00",4,41,0
1091,"2025-08-18 13:28:48",2,29,0
48,"2025-08-18 13:12:40",7,46,46
1052,"2025-08-18 12:40:12",1,0,42
802,"2025-08-18 10:26:19",1,0,0
718,"2025-08-18 09:51:07",2,0,0
137,"2025-08-18 09:43:12",2,37,0
119,"2025-08-18 09:40:59",1,0,0
1021,"2025-08-18 09:00:43",1,0,0
403,"2025-08-18 08:50:28",3,0,34
669,"2025-08-18 08:42:37",2,0,0
421,"2025-08-18 08:35:26",2,0,0
325,"2025-08-18 07:12:53",1,0,0
795,"2025-08-18 06:21:15",2,0,0
282,"2025-08-18 04:46:39",2,45,0
498,"2025-08-18 03:27:36",1,0,0
924,"2025-08-18 03:18:44",3,42,0
161,"2025-08-18 02:37:53",4,62,31
631,"2025-08-18 02:36:29",3,0,0
915,"2025-08-18 02:04:18",3,41,41
781,"2025-08-18 01:36:29",1,0,31
189,"2025-08-18 00:12:08",2,0,0
1083,"2025-08-18 00:07:59",1,35,0
12,"2025-08-17 23:48:50",3,0,0
484,"2025-08-17 23:38:20",1,39,0
1114,"2025-08-17 23:30:22",2,39,0
843,"2025-08-17 22:53:30",1,0,0
700,"2025-08-17 22:52:21",2,24,0
483,"2025-08-17 22:42:58",2,33,0
171,"2025-08-17 21:09:44",1,0,0
106,"2025-08-17 20:14:12",1,0,0
434,"2025-08-17 18:45:02",1,41,0
154,"2025-08-17 18:41:16",3,0,0
675,"2025-08-17 18:23:56",1,37,0
1045,"2025-08-17 18:22:21",4,0,0
883,"2025-08-17 18:10:31",1,0,0
97,"2025-08-17 16:27:28",2,0,0
896,"2025-08-17 16:18:07",1,0,0
971,"2025-08-17 16:00:00",1,0,0
94,"2025-08-17 15:52:35",2,0,0
939,"2025-08-17 14:29:34",2,0,0
114,"2025-08-17 11:15:38",1,0,0
319,"2025-08-17 10:55:32",1,0,43
1137,"2025-08-17 10:53:48",1,0,0
196,"2025-08-17 08:18:29",3,0,34
185,"2025-08-17 08:16:02",3,0,0
731,"2025-08-17 07:27:00",1,38,0
124,"2025-08-17 06:13:25",4,41,0
1051,"2025-08-17 05:25:12",1,0,0
774,"2025-08-17 05:08:34",1,0,0
1034,"2025-08-17 04:10:10",2,35,0
288,"2025-08-17 03:51:53",2,0,0
902,"2025-08-17 03:37:01",2,0,0
552,"2025-08-17 02:51:16",1,0,0
1041,"2025-08-17 02:40:13",1,0,0
3,"2025-08-17 01:18:37",3,0,0
277,"2025-08-17 00:15:04",2,0,0
754,"2025-08-17 00:04:46",3,39,0
861,"2025-08-16 23:52:21",2,0,42
890,"2025-08-16 23:24:19",1,0,0
142,"2025-08-16 17:12:20",3,41,0
1122,"2025-08-16 15:49:08",1,0,42
916,"2025-08-16 14:51:16",1,0,0
748,"2025-08-16 14:41:57",3,32,0
723,"2025-08-16 14:31:52",3,0,0
964,"2025-08-16 12:33:02",1,0,0
308,"2025-08-16 12:13:15",1,33,0
819,"2025-08-16 11:38:10",4,76,0
841,"2025-08-16 11:36:23",3,39,39
503,"2025-08-16 11:27:31",2,0,0
1086,"2025-08-16 10:41:17",1,44,0
544,"2025-08-16 10:00:40",4,0,0
1048,"2025-08-16 08:15:25",3,0,0
73,"2025-08-16 06:53:42",2,0,0
1092,"2025-08-16 06:02:26",2,0,36
307,"2025-08-16 05:55:40",1,0,0
670,"2025-08-16 04:56:08",2,0,0
1171,"2025-08-16 04:40:29",4,44,0
420,"2025-08-16 04:34:21",1,40,0
995,"2025-08-16 03:17:49",2,0,0
1172,"2025-08-16 00:52:21",2,0,0
336,"2025-08-15 21:48:10",1,0,0
957,"2025-08-15 21:22:09",1,0,0
594,"2025-08-15 21:04:59",2,40,0
430,"2025-08-15 20:06:14",1,43,0
518,"2025-08-15 19:59:09",3,36,0
433,"2025-08-15 19:58:17",1,0,0
322,"2025-08-15 19:07:18",2,0,0
598,"2025-08-15 16:42:32",1,0,0
555,"2025-08-15 15:19:36",1,0,0
138,"2025-08-15 15:19:10",2,0,0
1046,"2025-08-15 14:39:09",2,0,0
4,"2025-08-15 12:54:08",2,0,0
230,"2025-08-15 10:28:47",3,0,0
205,"2025-08-15 09:56:21",2,40,0
1101,"2025-08-15 09:35:19",1,43,0
928,"2025-08-15 06:03:35",2,0,35
265,"2025-08-15 05:17:59",1,0,0
1197,"2025-08-15 02:48:20",2,0,0
112,"2025-08-15 02:10:29",1,0,0
617,"2025-08-14 23:49:33",1,0,0
1146,"2025-08-14 23:00:31",1,0,0
278,"2025-08-14 22:48:45",3,0,0
37,"2025-08-14 22:16:51",2,0,0
566,"2025-08-14 19:10:57",1,0,0
71,"2025-08-14 18:03:05",1,0,0
604,"2025-08-14 16:47:08",1,0,0
892,"2025-08-14 15:40:34",1,0,0
383,"2025-08-14 14:20:38",3,0,35
235,"2025-08-14 13:46:43",1,0,0
197,"2025-08-14 12:47:37",1,0,0
167,"2025-08-14 12:11:55",2,0,0
177,"2025-08-14 11:14:49",2,0,0
812,"2025-08-14 10:40:51",2,0,0
1190,"2025-08-14 09:22:59",2,41,0
956,"2025-08-14 08:49:25",2,0,0
958,"2025-08-14 07:47:57",1,34,0
1033,"2025-08-14 07:32:54",6,33,0
1163,"2025-08-14 05:17:39",3,0,43
866,"2025-08-14 03:48:23",1,0,0
955,"2025-08-14 02:33:32",3,44,0
1099,"2025-08-13 23:49:44",1,41,0
439,"2025-08-13 23:19:30",1,0,0
11,"2025-08-13 22:13:25",3,47,0
215,"2025-08-13 21:10:42",2,0,0
302,"2025-08-13 20:28:32",2,41,0
104,"2025-08-13 20:08:43",2,45,0
1106,"2025-08-13 18:45:20",2,0,0
844,"2025-08-13 18:27:41",1,0,0
369,"2025-08-13 17:05:59",2,45,0
989,"2025-08-13 14:40:24",1,0,0
729,"2025-08-13 13:15:47",1,0,0
494,"2025-08-13 12:25:28",2,0,0
275,"2025-08-13 12:03:16",1,0,0
751,"2025-08-13 10:47:53",2,38,0
253,"2025-08-13 10:37:01",1,52,0
960,"2025-08-13 09:57:21",3,0,0
1100,"2025-08-13 07:59:35",1,0,0
158,"2025-08-13 06:53:08",3,0,0
428,"2025-08-13 06:19:23",3,0,0
734,"2025-08-13 06:00:12",2,0,0
266,"2025-08-13 04:01:10",2,34,0
1127,"2025-08-13 03:54:21",1,0,0
81,"2025-08-13 02:41:44",1,0,0
1126,"2025-08-13 02:26:15",1,0,0
967,"2025-08-13 01:43:23",2,0,0
324,"2025-08-13 01:40:34",1,0,0
501,"2025-08-13 00:56:47",1,0,0
950,"2025-08-13 00:21:49",1,46,0
315,"2025-08-12 23:38:14",2,45,0
539,"2025-08-12 23:17:14",2,0,0
978,"2025-08-12 21:25:18",2,0,0
600,"2025-08-12 21:24:54",1,0,0
821,"2025-08-12 20:14:33",1,0,0
687,"2025-08-12 19:32:20",2,0,0
409,"2025-08-12 18:38:07",2,41,0
384,"2025-08-12 17:47:26",1,0,0
69,"2025-08-12 17:43:03",4,0,0
752,"2025-08-12 15:22:40",1,0,0
388,"2025-08-12 14:27:59",2,98,0
212,"2025-08-12 13:29:45",2,0,30
183,"2025-08-12 12:28:01",2,0,39
206,"2025-08-12 12:09:51",2,0,0
88,"2025-08-12 10:48:20",1,0,0
938,"2025-08-12 10:33:47",1,0,0
466,"2025-08-12 10:24:18",1,0,0
676,"2025-08-12 07:14:55",3,0,0
927,"2025-08-12 07:08:38",2,0,39
532,"2025-08-12 02:31:08",1,0,0
736,"2025-08-12 00:16:26",1,33,0
82,"2025-08-11 23:32:41",3,70,0
57,"2025-08-11 21:46:30",1,0,0
1082,"2025-08-11 20:57:33",2,0,0
614,"2025-08-11 19:38:29",1,0,0
953,"2025-08-11 19:24:41",1,37,0
216,"2025-08-11 18:42:45",1,0,0
849,"2025-08-11 18:19:54",1,0,0
452,"2025-08-11 17:39:22",4,0,0
129,"2025-08-11 12:33:58",2,0,0
569,"2025-08-11 11:42:48",1,36,0
41,"2025-08-11 11:20:48",2,39,0
51,"2025-08-11 06:28:10",1,0,0
473,"2025-08-11 05:33:13",1,0,30
49,"2025-08-11 04:58:58",1,39,0
720,"2025-08-11 03:45:08",1,37,0
1119,"2025-08-11 02:24:39",1,40,0
331,"2025-08-11 01:06:04",2,0,0
188,"2025-08-10 23:12:25",1,37,0
132,"2025-08-10 22:32:22",1,0,0
256,"2025-08-10 22:03:11",2,33,0
747,"2025-08-10 21:03:33",1,0,0
269,"2025-08-10 19:35:55",2,0,0
572,"2025-08-10 19:23:24",1,0,0
765,"2025-08-10 18:36:17",1,40,0
437,"2025-08-10 16:56:16",3,0,0
536,"2025-08-10 16:35:28",2,0,0
646,"2025-08-10 12:57:02",3,45,0
68,"2025-08-10 08:49:52",2,0,0
1042,"2025-08-10 05:00:32",1,0,0
298,"2025-08-10 00:50:15",1,0,0
332,"2025-08-09 21:52:10",1,0,0
737,"2025-08-09 20:24:54",2,59,0
972,"2025-08-09 20:04:06",1,0,0
827,"2025-08-09 19:50:27",1,0,0
693,"2025-08-09 19:29:56",1,0,0
175,"2025-08-09 18:48:32",1,0,0
164,"2025-08-09 18:47:48",1,0,0
1065,"2025-08-09 18:01:01",1,36,0
780,"2025-08-09 17:32:54",1,0,0
155,"2025-08-09 16:31:58",2,40,0
184,"2025-08-09 14:25:54",1,0,0
945,"2025-08-09 14:15:17",2,0,0
660,"2025-08-09 13:21:52",1,49,0
133,"2025-08-09 12:03:07",1,37,0
683,"2025-08-09 11:43:13",1,0,0
882,"2025-08-09 08:59:05",3,0,0
528,"2025-08-09 05:55:19",1,0,0
702,"2025-08-09 04:13:46",1,37,0
1000,"2025-08-09 03:59:24",1,0,0
642,"2025-08-09 03:59:13",1,0,36
444,"2025-08-09 03:54:20",5,41,0
481,"2025-08-09 02:19:34",2,0,0
72,"2025-08-09 01:53:50",1,0,0
70,"2025-08-09 00:56:06",2,0,29
296,"2025-08-09 00:55:34",2,52,0
878,"2025-08-09 00:24:42",1,0,0
258,"2025-08-08 21:50:41",1,0,0
9,"2025-08-08 21:16:09",1,0,0
398,"2025-08-08 21:10:48",1,0,0
1022,"2025-08-08 20:53:41",1,0,0
1148,"2025-08-08 18:47:11",2,0,36
1095,"2025-08-08 14:53:05",2,0,0
654,"2025-08-08 10:12:17",1,0,0
514,"2025-08-08 10:06:04",3,43,0
367,"2025-08-08 09:23:12",1,0,0
1098,"2025-08-08 08:52:14",2,0,0
363,"2025-08-08 08:50:46",1,0,0
10,"2025-08-08 08:46:00",1,0,36
745,"2025-08-08 04:17:08",1,0,0
358,"2025-08-08 04:14:33",2,0,36
996,"2025-08-08 01:42:09",1,0,0
1139,"2025-08-08 00:17:17",1,0,0
919,"2025-08-08 00:10:25",1,0,0
105,"2025-08-07 23:40:02",1,43,0
122,"2025-08-07 20:37:22",3,46,0
742,"2025-08-07 20:33:37",1,0,40
33,"2025-08-07 20:06:29",1,0,0
628,"2025-08-07 18:29:23",1,0,0
519,"2025-08-07 18:06:12",1,0,0
992,"2025-08-07 17:30:00",1,39,0
291,"2025-08-07 16:32:35",2,0,41
262,"2025-08-07 16:14:26",1,0,0
187,"2025-08-07 15:55:39",1,0,0
373,"2025-08-07 15:33:44",3,0,0
838,"2025-08-07 15:05:15",1,0,0
607,"2025-08-07 12:59:15",1,39,0
117,"2025-08-07 12:57:08",1,0,0
62,"2025-08-07 10:55:09",1,0,0
991,"2025-08-07 06:48:18",1,0,0
311,"2025-08-07 06:46:41",1,0,0
267,"2025-08-07 03:25:14",1,0,0
721,"2025-08-07 03:18:42",1,0,0
26,"2025-08-07 02:59:41",1,36,0
39,"2025-08-07 02:30:45",1,0,0
468,"2025-08-07 02:00:07",1,0,0
589,"2025-08-07 01:23:01",1,0,0
446,"2025-08-06 22:56:58",1,0,0
1116,"2025-08-06 22:28:32",1,0,0
527,"2025-08-06 22:05:36",1,0,0
472,"2025-08-06 21:36:02",1,0,0
499,"2025-08-06 21:20:06",2,0,0
60,"2025-08-06 21:17:14",1,0,0
89,"2025-08-06 19:16:02",1,0,0
961,"2025-08-06 16:59:59",1,0,0
770,"2025-08-06 14:11:18",1,0,0
1108,"2025-08-06 13:49:12",2,38,0
1062,"2025-08-06 13:21:54",1,0,0
575,"2025-08-06 11:58:04",1,0,0
823,"2025-08-06 11:42:50",2,0,0
1177,"2025-08-06 11:39:11",1,0,0
400,"2025-08-06 08:07:21",1,41,0
722,"2025-08-06 04:01:14",1,0,0
443,"2025-08-06 03:55:27",2,0,39
658,"2025-08-06 02:42:23",1,31,0
1132,"2025-08-06 01:19:21",1,33,0
931,"2025-08-05 22:07:39",1,0,0
610,"2025-08-05 17:51:22",1,0,0
897,"2025-08-05 16:57:57",1,0,0
486,"2025-08-05 15:09:04",1,0,36
1094,"2025-08-05 12:02:13",2,0,0
284,"2025-08-05 11:57:44",1,0,0
904,"2025-08-05 10:48:34",1,0,0
848,"2025-08-05 09:42:42",2,0,0
853,"2025-08-05 09:06:28",1,0,0
490,"2025-08-05 08:49:40",1,0,0
103,"2025-08-05 08:13:10",2,48,0
952,"2025-08-05 07:41:30",1,0,0
1200,"2025-08-05 04:24:01",1,0,0
350,"2025-08-05 03:59:48",1,0,0
760,"2025-08-05 03:57:10",1,0,0
942,"2025-08-05 00:17:35",2,0,0
429,"2025-08-04 21:27:57",1,0,52
764,"2025-08-04 19:35:01",1,0,0
970,"2025-08-04 18:56:28",1,0,0
1043,"2025-08-04 11:29:45",1,0,0
565,"2025-08-04 09:33:49",1,52,0
707,"2025-08-04 06:07:48",2,34,0
800,"2025-08-04 04:53:51",1,0,0
655,"2025-08-04 02:51:31",1,0,0
410,"2025-08-04 02:02:37",1,0,0
546,"2025-08-03 23:47:31",1,0,0
1110,"2025-08-03 23:41:42",2,40,0
47,"2025-08-03 14:26:29",2,0,35
691,"2025-08-03 12:14:35",2,39,0
959,"2025-08-03 12:13:15",1,0,0
228,"2025-08-03 11:24:29",1,0,0
347,"2025-08-03 10:23:08",1,0,0
152,"2025-08-03 00:07:18",1,0,0
857,"2025-08-02 23:31:34",1,0,0
1064,"2025-08-02 23:11:22",1,33,0
237,"2025-08-02 22:45:22",2,0,0
816,"2025-08-02 21:19:37",1,0,0
730,"2025-08-02 20:03:07",1,0,0
1143,"2025-08-02 14:02:36",1,0,0
96,"2025-08-02 05:12:08",1,0,0
860,"2025-08-01 23:45:58",0,0,0
1153,"2025-08-01 22:52:53",0,0,0
556,"2025-08-01 22:30:58",0,0,0
886,"2025-08-01 20:45:42",0,0,0
422,"2025-08-01 20:05:10",0,0,0
850,"2025-08-01 18:48:38",0,0,0
815,"2025-08-01 17:57:49",0,0,0
304,"2025-08-01 14:06:27",0,0,0
121,"2025-08-01 11:16:40",0,0,0
299,"2025-08-01 11:11:40",0,0,0
571,"2025-08-01 11:10:42",0,0,0
385,"2025-08-01 06:48:11",0,0,0
294,"2025-08-01 02:23:24",0,0,0
750,"2025-07-31 21:40:22",0,0,0
423,"2025-07-31 16:23:59",0,0,0
786,"2025-07-31 16:16:33",0,0,0
775,"2025-07-31 04:23:32",0,0,0
99,"2025-07-30 14:29:41",0,0,0
825,"2025-07-30 10:24:09",0,0,0
504,"2025-07-30 06:13:14",0,0,0
328,"2025-07-30 00:01:42",0,0,0
596,"2025-07-29 21:22:15",0,0,0
917,"2025-07-29 20:31:33",0,0,0
934,"2025-07-29 18:54:01",0,0,0
1105,"2025-07-29 13:27:19",0,0,0
698,"2025-07-29 12:42:34",0,0,0
78,"2025-07-29 08:44:45",0,0,0
1154,"2025-07-29 03:30:07",0,0,0
38,"2025-07-28 23:03:21",0,0,0
772,"2025-07-28 22:56:23",0,0,0
741,"2025-07-28 22:41:27",0,0,0
758,"2025-07-28 22:10:42",0,0,0
1194,"2025-07-28 21:46:31",0,0,0
537,"2025-07-28 20:50:12",0,0,0
471,"2025-07-28 14:10:10",0,0,0
559,"2025-07-28 13:19:27",0,0,0
102,"2025-07-28 11:25:28",0,0,0
17,"2025-07-28 09:20:32",0,0,0
280,"2025-07-28 06:11:45",0,0,0
150,"2025-07-28 04:37:42",0,0,0
921,"2025-07-28 04:09:52",0,0,0
898,"2025-07-28 04:01:02",0,0,0
240,"2025-07-28 02:21:24",0,0,0
649,"2025-07-28 01:32:23",0,0,0
1182,"2025-07-27 22:18:18",0,0,0
223,"2025-07-27 21:22:20",0,0,0
690,"2025-07-27 16:36:26",0,0,0
933,"2025-07-27 12:16:45",0,0,0
936,"2025-07-27 10:11:49",0,0,0
127,"2025-07-27 06:46:31",0,0,0
1031,"2025-07-26 16:38:17",0,0,0
1002,"2025-07-26 03:09:55",0,0,0
268,"2025-07-26 01:34:02",0,0,0
1157,"2025-07-25 17:42:07",0,0,0
243,"2025-07-25 16:12:23",0,0,0
962,"2025-07-25 15:44:19",0,0,0
16,"2025-07-25 13:16:44",0,0,0
254,"2025-07-25 10:53:59",0,0,0
868,"2025-07-25 09:04:24",0,0,0
305,"2025-07-25 07:33:42",0,0,0
798,"2025-07-25 04:50:28",0,0,0
776,"2025-07-25 01:23:55",0,0,0
113,"2025-07-24 22:52:02",0,0,0
111,"2025-07-24 20:27:34",0,0,0
378,"2025-07-24 15:40:01",0,0,0
259,"2025-07-24 14:54:04",0,0,0
757,"2025-07-24 13:37:00",0,0,0
371,"2025-07-24 05:03:10",0,0,0
456,"2025-07-24 01:44:28",0,0,0
846,"2025-07-23 23:40:27",0,0,0
657,"2025-07-23 19:53:05",0,0,0
496,"2025-07-23 18:33:30",0,0,0
54,"2025-07-23 18:32:03",0,0,0
208,"2025-07-23 18:03:30",0,0,0
744,"2025-07-23 13:19:33",0,0,0
1173,"2025-07-23 10:50:20",0,0,0
874,"2025-07-23 10:02:48",0,0,0
469,"2025-07-23 09:05:52",0,0,0
153,"2025-07-23 01:05:09",0,0,0
636,"2025-07-23 00:45:06",0,0,0
643,"2025-07-22 19:51:32",0,0,0
1192,"2025-07-22 16:56:51",0,0,0
76,"2025-07-22 07:10:30",0,0,0
263,"2025-07-22 04:16:13",0,0,0
826,"2025-07-21 22:57:47",0,0,0
980,"2025-07-21 17:46:58",0,0,0
963,"2025-07-21 17:15:29",0,0,0
45,"2025-07-21 16:29:47",0,0,0
582,"2025-07-21 15:27:25",0,0,0
778,"2025-07-21 13:26:11",0,0,0
404,"2025-07-21 13:20:37",0,0,0
680,"2025-07-21 12:38:57",0,0,0
637,"2025-07-21 06:15:11",0,0,0
250,"2025-07-20 23:31:50",0,0,0
873,"2025-07-20 22:50:35",0,0,0
1054,"2025-07-20 21:24:07",0,0,0
1107,"2025-07-20 21:02:55",0,0,0
110,"2025-07-20 20:10:10",0,0,0
28,"2025-07-20 15:34:02",0,0,0
465,"2025-07-20 15:20:13",0,0,0
794,"2025-07-20 09:26:41",0,0,0
1039,"2025-07-20 06:39:41",0,0,0
100,"2025-07-19 20:05:41",0,0,0
782,"2025-07-19 19:22:56",0,0,0
194,"2025-07-18 21:48:07",0,0,0
940,"2025-07-18 19:34:13",0,0,0
899,"2025-07-18 16:39:41",0,0,0
929,"2025-07-18 16:24:35",0,0,0
526,"2025-07-18 10:25:17",0,0,0
1140,"2025-07-18 04:59:31",0,0,0
260,"2025-07-17 17:28:38",0,0,0
361,"2025-07-17 05:29:47",0,0,0
29,"2025-07-16 21:26:56",0,0,0
679,"2025-07-16 20:53:25",0,0,0
246,"2025-07-15 23:22:30",0,0,0
453,"2025-07-15 12:36:23",0,0,0
696,"2025-07-15 09:46:02",0,0,0
663,"2025-07-15 07:54:01",0,0,0
354,"2025-07-15 05:03:13",0,0,0
1109,"2025-07-15 04:37:55",0,0,0
470,"2025-07-15 03:06:23",0,0,0
368,"2025-07-14 21:29:29",0,0,0
1155,"2025-07-14 20:25:29",0,0,0
634,"2025-07-14 05:28:45",0,0,0
689,"2025-07-13 17:05:29",0,0,0
640,"2025-07-12 18:43:15",0,0,0
1167,"2025-07-12 16:12:32",0,0,0
15,"2025-07-12 13:35:22",0,0,0
352,"2025-07-12 01:53:48",0,0,0
431,"2025-07-11 10:13:57",0,0,0
855,"2025-07-10 18:13:27",0,0,0
395,"2025-07-10 17:34:45",0,0,0
1080,"2025-07-10 16:52:35",0,0,0
987,"2025-07-10 11:14:44",0,0,0
476,"2025-07-10 02:54:00",0,0,0
946,"2025-07-09 12:48:49",0,0,0
535,"2025-07-09 09:41:58",0,0,0
1007,"2025-07-08 16:34:05",0,0,0
487,"2025-07-08 10:10:00",0,0,0
579,"2025-07-04 16:22:00",0,0,0
34,"2025-07-04 14:27:11",0,0,0
497,"2025-07-04 06:47:16",0,0,0
156,"2025-07-04 03:48:18",0,0,0
877,"2025-07-03 16:45:12",0,0,0
517,"2025-07-03 03:32:50",0,0,0
1063,"2025-07-01 01:03:32",0,0,0
1006,"2025-06-30 23:12:20",0,0,0
858,"2025-06-30 08:12:08",0,0,0
1044,"2025-06-30 05:03:30",0,0,0
845,"2025-06-29 21:22:29",0,0,0
1053,"2025-06-27 18:51:29",0,0,0
211,"2025-06-25 17:55:41",0,0,0
624,"2025-06-24 09:58:36",0,0,0
909,"2025-06-23 15:34:33",0,0,0
56,"2025-06-22 14:26:14",0,0,0
125,"2025-06-21 13:58:19",0,0,0
510,"2025-06-21 01:49:40",0,0,0
708,"2025-06-19 08:10:19",0,0,0
346,"2025-06-19 03:56:56",0,0,0
620,"2025-06-13 00:10:39",0,0,0
340,"2025-06-10 01:56:32",0,0,0
759,"2025-06-06 22:39:58",0,0,0
289,"2025-06-06 03:03:49",0,0,0
1076,"2025-06-01 04:38:26",0,0,0
534,"2025-05-27 08:41:20",0,0,0
560,"2025-05-14 07:41:44",0,0,0
475,"2025-05-02 14:02:57",0,0,0
